<?xml version="1.0" encoding="UTF-8"?>
<config>
    <plugins>
        <plugin class="com.xuan.weixinserver.client.InitTaskPlugin" />
    </plugins>
    
    <interceptors>
        <interceptor class="com.xuan.weixinserver.client.AutowireInterceptor" />
    </interceptors>
    
	<messages>
	    <message class="com.xuan.weixinserver.message.help.FromWeixinHelpMessage">
	        <action class="com.xuan.weixinserver.action.FromWeixinHelpMessageAction" />
	    </message>
	    
	    <message class="com.xuan.weixinserver.message.FromClientMessage">
	        <action class="com.xuan.weixinserver.action.FromClientMessageAction" />
	    </message>
	    <message class="com.xuan.weixinserver.message.ToClientRespMessage">
            <action class="com.xuan.weixinserver.action.ToClientRespMessageAction" />
        </message>
	</messages>
</config>