<?xml version="1.0" encoding="UTF-8"?>
<configuration>
    <appender name="Console" class="ch.qos.logback.core.ConsoleAppender">
        <encoder class="ch.qos.logback.classic.encoder.PatternLayoutEncoder">
            <pattern>%d{HH:mm:ss.SSS} %.-1level %logger{32}:%line -&gt; %msg%n</pattern>
        </encoder>
    </appender>

    <appender name="R" class="ch.qos.logback.core.rolling.RollingFileAppender">
        <!--See http://logback.qos.ch/manual/appenders.html#RollingFileAppender-->
        <!--and http://logback.qos.ch/manual/appenders.html#TimeBasedRollingPolicy-->
        <!--for further documentation-->
        <file>../logs/weixinserver.log</file>
        <encoder class="ch.qos.logback.classic.encoder.PatternLayoutEncoder">
            <pattern>%d{HH:mm:ss.SSS} %.-1level %logger{32}:%line -&gt; %msg%n</pattern>
        </encoder>
        <rollingPolicy class="ch.qos.logback.core.rolling.TimeBasedRollingPolicy">
            <fileNamePattern>../logs/weixinserver.log.%d{yyyy-MM-dd}.log.gz</fileNamePattern>
        </rollingPolicy>
    </appender>
    
    <logger name="org.apache.commons.beanutils.PropertyUtils" level="ERROR" additivity="false"/>
    <logger name="org.apache.mina" level="DEBUG"></logger>
    <logger name="com.winupon.base.wpcf" level="DEBUG"></logger>
    <logger name="com.winupon.base.wpcf.filter.ProtocolFilter" level="WARN"></logger>
    <logger name="com.winupon.base.wpcf.core.WPCFPServerSessionHandler" level="INFO"></logger>
    
    <root level="ERROR">
        <appender-ref ref="Console" />
        <appender-ref ref="R" />
    </root>
</configuration>
