<?xml version="1.0" encoding="UTF-8"?>
<beans xmlns="http://www.springframework.org/schema/beans"
	xmlns:xsi="http://www.w3.org/2001/XMLSchema-instance"
	xmlns:aop="http://www.springframework.org/schema/aop"
	xmlns:context="http://www.springframework.org/schema/context"
	xmlns:jdbc="http://www.springframework.org/schema/jdbc"
	xmlns:lang="http://www.springframework.org/schema/lang"
	xmlns:tx="http://www.springframework.org/schema/tx"
	xmlns:util="http://www.springframework.org/schema/util"
	xsi:schemaLocation="http://www.springframework.org/schema/beans http://www.springframework.org/schema/beans/spring-beans.xsd
		http://www.springframework.org/schema/aop http://www.springframework.org/schema/aop/spring-aop-3.1.xsd
		http://www.springframework.org/schema/context http://www.springframework.org/schema/context/spring-context-3.1.xsd
		http://www.springframework.org/schema/jdbc http://www.springframework.org/schema/jdbc/spring-jdbc-3.1.xsd
		http://www.springframework.org/schema/lang http://www.springframework.org/schema/lang/spring-lang-3.1.xsd
		http://www.springframework.org/schema/tx http://www.springframework.org/schema/tx/spring-tx-3.1.xsd
		http://www.springframework.org/schema/util http://www.springframework.org/schema/util/spring-util-2.0.xsd">

    <context:annotation-config />
    
    <context:component-scan base-package="com.xuan.weixinclient.dao.impl"></context:component-scan>
    <context:component-scan base-package="com.xuan.weixinclient.service.impl"></context:component-scan>

    <aop:aspectj-autoproxy />
    
    <bean class="org.springframework.beans.factory.config.PropertyPlaceholderConfigurer">
        <property name="locations">
            <list>
                <value>classpath:jdbc.properties</value>
            </list>
        </property>
        <property name="ignoreUnresolvablePlaceholders" value="true"></property>
    </bean>
    
    <!-- 数据源定义 -->
    <bean id="abstractDataSource" class="org.apache.commons.dbcp.BasicDataSource" destroy-method="close" abstract="true">
        <property name="driverClassName" value="${jdbc.driverClassName}" />
        <property name="initialSize" value="${jdbc.initialSize}" />
        <property name="maxActive" value="${jdbc.maxActive}" />
        <property name="maxIdle" value="${jdbc.maxIdle}" />
        <property name="minIdle" value="${jdbc.minIdle}" />
        <property name="maxWait" value="${jdbc.maxWait}" />
        <property name="validationQuery" value="${jdbc.validationQuery}" />
        <property name="testOnBorrow" value="${jdbc.testOnBorrow}" />
        <property name="testWhileIdle" value="${jdbc.testWhileIdle}" />
        <property name="timeBetweenEvictionRunsMillis" value="${jdbc.timeBetweenEvictionRunsMillis}" />
        <property name="numTestsPerEvictionRun" value="${jdbc.numTestsPerEvictionRun}" />
        <property name="minEvictableIdleTimeMillis" value="${jdbc.minEvictableIdleTimeMillis}" />
        <property name="poolPreparedStatements" value="${jdbc.poolPreparedStatements}" />
        <property name="maxOpenPreparedStatements" value="${jdbc.maxOpenPreparedStatements}" />
        <property name="removeAbandoned" value="${jdbc.removeAbandoned}" />
        <property name="removeAbandonedTimeout" value="${jdbc.removeAbandonedTimeout}" />
    </bean>

    <bean id="dataSource" class="org.apache.commons.dbcp.BasicDataSource" parent="abstractDataSource">
        <property name="url" value="${jdbc.url}" />
        <property name="username" value="${jdbc.username}" />
        <property name="password" value="${jdbc.password}" />
    </bean>
    
    <!-- 事务管理定义 -->
    <bean id="transactionManager" class="org.springframework.jdbc.datasource.DataSourceTransactionManager">
        <property name="dataSource" ref="dataSource" />
    </bean>
    
    <!-- config params instance for DAO -->
    <bean id="daoConfigParams" class="net.zdsoft.keel.dao.DaoConfigParams">
        <property name="batchSize" value="${jdbc.dao.batchSize}" />
        <property name="maxInSQLParamCount" value="${jdbc.dao.maxInSQLParamCount}" />
        <property name="slowSqlWarnThreshold" value="${jdbc.dao.slowSqlWarnThreshold}" />
    </bean>

    <bean id="jdbcTemplate" class="org.springframework.jdbc.core.JdbcTemplate">
        <property name="dataSource" ref="dataSource" />
    </bean>
    
    <tx:advice id="txAdvice" transaction-manager="transactionManager">
        <tx:attributes>
            <tx:method name="is*" propagation="SUPPORTS" read-only="true" timeout="120"/>
            <tx:method name="get*" propagation="SUPPORTS" read-only="true" timeout="120"/>
            <tx:method name="query*" propagation="SUPPORTS" read-only="true" timeout="120"/>
            <tx:method name="count*" propagation="SUPPORTS" read-only="true" timeout="120"/>
            <tx:method name="search*" propagation="SUPPORTS" read-only="true" timeout="120"/>
            <tx:method name="has*" propagation="SUPPORTS" read-only="true" timeout="120"/>
            <tx:method name="*" propagation="REQUIRED" read-only="false" timeout="120"/>
        </tx:attributes>
    </tx:advice>
    
    <aop:config>
        <aop:pointcut id="txPointCut" expression="execution(* net.zdsoft.weixinserver.service..*.*(..))" />     
        <aop:advisor advice-ref="txAdvice" pointcut-ref="txPointCut"/>
    </aop:config>
    
    <!-- 本地缓存对象-->
    <bean id="cache" class="net.zdsoft.keel.cache.provider.SimpleCache" />
    <bean id="serviceLocator" class="com.xuan.weixinclient.client.ServiceLocator" /> 
</beans>
